﻿<?xml version="1.0" encoding="utf-8"?>
<abapGit version="v1.0.0" serializer="LCL_OBJECT_DTEL" serializer_version="v1.0.0">
 <asx:abap xmlns:asx="http://www.sap.com/abapxml" version="1.0">
  <asx:values>
   <DD04V>
    <ROLLNAME>ZEXCEL_CONVEXIT</ROLLNAME>
    <DDLANGUAGE>E</DDLANGUAGE>
    <DOMNAME>ZEXCEL_CONVEXIT</DOMNAME>
    <HEADLEN>30</HEADLEN>
    <SCRLEN1>10</SCRLEN1>
    <SCRLEN2>15</SCRLEN2>
    <SCRLEN3>20</SCRLEN3>
    <DDTEXT>Conversion Routine</DDTEXT>
    <REPTEXT>Conversion Routine</REPTEXT>
    <SCRTEXT_S>Conv.Rout.</SCRTEXT_S>
    <SCRTEXT_M>Convers. Rout.</SCRTEXT_M>
    <SCRTEXT_L>Conversion Routine</SCRTEXT_L>
    <APPLCLASS>SDIC</APPLCLASS>
    <AUTHCLASS>01</AUTHCLASS>
    <DTELMASTER>D</DTELMASTER>
    <REFKIND>D</REFKIND>
   </DD04V>
  </asx:values>
 </asx:abap>
</abapGit>
