﻿<?xml version="1.0" encoding="utf-8"?>
<abapGit version="v1.0.0" serializer="LCL_OBJECT_CLAS" serializer_version="v1.0.0">
 <asx:abap xmlns:asx="http://www.sap.com/abapxml" version="1.0">
  <asx:values>
   <VSEOCLASS>
    <CLSNAME>ZCL_EXCEL_STYLE_NUMBER_FORMAT</CLSNAME>
    <LANGU>E</LANGU>
    <DESCRIPT>Number Format Style</DESCRIPT>
    <STATE>1</STATE>
    <CLSCCINCL>X</CLSCCINCL>
    <FIXPT>X</FIXPT>
    <UNICODE>X</UNICODE>
   </VSEOCLASS>
   <DESCRIPTIONS>
    <SEOCOMPOTX>
     <CMPNAME>CLASS_CONSTRUCTOR</CMPNAME>
     <LANGU>E</LANGU>
     <DESCRIPT>CLASS_CONSTRUCTOR</DESCRIPT>
    </SEOCOMPOTX>
    <SEOCOMPOTX>
     <CMPNAME>CONSTRUCTOR</CMPNAME>
     <LANGU>E</LANGU>
     <DESCRIPT>CONSTRUCTOR</DESCRIPT>
    </SEOCOMPOTX>
    <SEOCOMPOTX>
     <CMPNAME>CONSTRUCTOR</CMPNAME>
     <LANGU>I</LANGU>
     <DESCRIPT>CONSTRUCTOR</DESCRIPT>
    </SEOCOMPOTX>
    <SEOCOMPOTX>
     <CMPNAME>C_FORMAT_CURRENCY_EUR_SIMPLE</CMPNAME>
     <LANGU>E</LANGU>
     <DESCRIPT>Number format</DESCRIPT>
    </SEOCOMPOTX>
    <SEOCOMPOTX>
     <CMPNAME>C_FORMAT_CURRENCY_EUR_SIMPLE</CMPNAME>
     <LANGU>I</LANGU>
     <DESCRIPT>Number format</DESCRIPT>
    </SEOCOMPOTX>
    <SEOCOMPOTX>
     <CMPNAME>C_FORMAT_CURRENCY_SIMPLE</CMPNAME>
     <LANGU>E</LANGU>
     <DESCRIPT>Number format</DESCRIPT>
    </SEOCOMPOTX>
    <SEOCOMPOTX>
     <CMPNAME>C_FORMAT_CURRENCY_SIMPLE2</CMPNAME>
     <LANGU>E</LANGU>
     <DESCRIPT>Number format</DESCRIPT>
    </SEOCOMPOTX>
    <SEOCOMPOTX>
     <CMPNAME>C_FORMAT_CURRENCY_SIMPLE_RED</CMPNAME>
     <LANGU>E</LANGU>
     <DESCRIPT>Number format</DESCRIPT>
    </SEOCOMPOTX>
    <SEOCOMPOTX>
     <CMPNAME>C_FORMAT_CURRENCY_SIMPLE_RED2</CMPNAME>
     <LANGU>E</LANGU>
     <DESCRIPT>Number format</DESCRIPT>
    </SEOCOMPOTX>
    <SEOCOMPOTX>
     <CMPNAME>C_FORMAT_CURRENCY_USD</CMPNAME>
     <LANGU>E</LANGU>
     <DESCRIPT>Number format</DESCRIPT>
    </SEOCOMPOTX>
    <SEOCOMPOTX>
     <CMPNAME>C_FORMAT_CURRENCY_USD</CMPNAME>
     <LANGU>I</LANGU>
     <DESCRIPT>Number format</DESCRIPT>
    </SEOCOMPOTX>
    <SEOCOMPOTX>
     <CMPNAME>C_FORMAT_CURRENCY_USD_SIMPLE</CMPNAME>
     <LANGU>E</LANGU>
     <DESCRIPT>Number format</DESCRIPT>
    </SEOCOMPOTX>
    <SEOCOMPOTX>
     <CMPNAME>C_FORMAT_CURRENCY_USD_SIMPLE</CMPNAME>
     <LANGU>I</LANGU>
     <DESCRIPT>Number format</DESCRIPT>
    </SEOCOMPOTX>
    <SEOCOMPOTX>
     <CMPNAME>C_FORMAT_DATE_DATETIME</CMPNAME>
     <LANGU>E</LANGU>
     <DESCRIPT>Number format</DESCRIPT>
    </SEOCOMPOTX>
    <SEOCOMPOTX>
     <CMPNAME>C_FORMAT_DATE_DATETIME</CMPNAME>
     <LANGU>I</LANGU>
     <DESCRIPT>Number format</DESCRIPT>
    </SEOCOMPOTX>
    <SEOCOMPOTX>
     <CMPNAME>C_FORMAT_DATE_DDMMYYYY</CMPNAME>
     <LANGU>E</LANGU>
     <DESCRIPT>Number format</DESCRIPT>
    </SEOCOMPOTX>
    <SEOCOMPOTX>
     <CMPNAME>C_FORMAT_DATE_DDMMYYYY</CMPNAME>
     <LANGU>I</LANGU>
     <DESCRIPT>Number format</DESCRIPT>
    </SEOCOMPOTX>
    <SEOCOMPOTX>
     <CMPNAME>C_FORMAT_DATE_DDMMYYYYDOT</CMPNAME>
     <LANGU>E</LANGU>
     <DESCRIPT>Number format</DESCRIPT>
    </SEOCOMPOTX>
    <SEOCOMPOTX>
     <CMPNAME>C_FORMAT_DATE_DDMMYYYYDOT</CMPNAME>
     <LANGU>I</LANGU>
     <DESCRIPT>Number format</DESCRIPT>
    </SEOCOMPOTX>
    <SEOCOMPOTX>
     <CMPNAME>C_FORMAT_DATE_DMMINUS</CMPNAME>
     <LANGU>E</LANGU>
     <DESCRIPT>Number format</DESCRIPT>
    </SEOCOMPOTX>
    <SEOCOMPOTX>
     <CMPNAME>C_FORMAT_DATE_DMMINUS</CMPNAME>
     <LANGU>I</LANGU>
     <DESCRIPT>Number format</DESCRIPT>
    </SEOCOMPOTX>
    <SEOCOMPOTX>
     <CMPNAME>C_FORMAT_DATE_DMYMINUS</CMPNAME>
     <LANGU>E</LANGU>
     <DESCRIPT>Number format</DESCRIPT>
    </SEOCOMPOTX>
    <SEOCOMPOTX>
     <CMPNAME>C_FORMAT_DATE_DMYMINUS</CMPNAME>
     <LANGU>I</LANGU>
     <DESCRIPT>Number format</DESCRIPT>
    </SEOCOMPOTX>
    <SEOCOMPOTX>
     <CMPNAME>C_FORMAT_DATE_DMYSLASH</CMPNAME>
     <LANGU>E</LANGU>
     <DESCRIPT>Number format</DESCRIPT>
    </SEOCOMPOTX>
    <SEOCOMPOTX>
     <CMPNAME>C_FORMAT_DATE_DMYSLASH</CMPNAME>
     <LANGU>I</LANGU>
     <DESCRIPT>Number format</DESCRIPT>
    </SEOCOMPOTX>
    <SEOCOMPOTX>
     <CMPNAME>C_FORMAT_DATE_MYMINUS</CMPNAME>
     <LANGU>E</LANGU>
     <DESCRIPT>Number format</DESCRIPT>
    </SEOCOMPOTX>
    <SEOCOMPOTX>
     <CMPNAME>C_FORMAT_DATE_MYMINUS</CMPNAME>
     <LANGU>I</LANGU>
     <DESCRIPT>Number format</DESCRIPT>
    </SEOCOMPOTX>
    <SEOCOMPOTX>
     <CMPNAME>C_FORMAT_DATE_STD</CMPNAME>
     <LANGU>E</LANGU>
     <DESCRIPT>Number format</DESCRIPT>
    </SEOCOMPOTX>
    <SEOCOMPOTX>
     <CMPNAME>C_FORMAT_DATE_STD</CMPNAME>
     <LANGU>I</LANGU>
     <DESCRIPT>Number format</DESCRIPT>
    </SEOCOMPOTX>
    <SEOCOMPOTX>
     <CMPNAME>C_FORMAT_DATE_TIME1</CMPNAME>
     <LANGU>E</LANGU>
     <DESCRIPT>Number format</DESCRIPT>
    </SEOCOMPOTX>
    <SEOCOMPOTX>
     <CMPNAME>C_FORMAT_DATE_TIME1</CMPNAME>
     <LANGU>I</LANGU>
     <DESCRIPT>Number format</DESCRIPT>
    </SEOCOMPOTX>
    <SEOCOMPOTX>
     <CMPNAME>C_FORMAT_DATE_TIME2</CMPNAME>
     <LANGU>E</LANGU>
     <DESCRIPT>Number format</DESCRIPT>
    </SEOCOMPOTX>
    <SEOCOMPOTX>
     <CMPNAME>C_FORMAT_DATE_TIME2</CMPNAME>
     <LANGU>I</LANGU>
     <DESCRIPT>Number format</DESCRIPT>
    </SEOCOMPOTX>
    <SEOCOMPOTX>
     <CMPNAME>C_FORMAT_DATE_TIME3</CMPNAME>
     <LANGU>E</LANGU>
     <DESCRIPT>Number format</DESCRIPT>
    </SEOCOMPOTX>
    <SEOCOMPOTX>
     <CMPNAME>C_FORMAT_DATE_TIME3</CMPNAME>
     <LANGU>I</LANGU>
     <DESCRIPT>Number format</DESCRIPT>
    </SEOCOMPOTX>
    <SEOCOMPOTX>
     <CMPNAME>C_FORMAT_DATE_TIME4</CMPNAME>
     <LANGU>E</LANGU>
     <DESCRIPT>Number format</DESCRIPT>
    </SEOCOMPOTX>
    <SEOCOMPOTX>
     <CMPNAME>C_FORMAT_DATE_TIME4</CMPNAME>
     <LANGU>I</LANGU>
     <DESCRIPT>Number format</DESCRIPT>
    </SEOCOMPOTX>
    <SEOCOMPOTX>
     <CMPNAME>C_FORMAT_DATE_TIME5</CMPNAME>
     <LANGU>E</LANGU>
     <DESCRIPT>Number format</DESCRIPT>
    </SEOCOMPOTX>
    <SEOCOMPOTX>
     <CMPNAME>C_FORMAT_DATE_TIME5</CMPNAME>
     <LANGU>I</LANGU>
     <DESCRIPT>Number format</DESCRIPT>
    </SEOCOMPOTX>
    <SEOCOMPOTX>
     <CMPNAME>C_FORMAT_DATE_TIME6</CMPNAME>
     <LANGU>E</LANGU>
     <DESCRIPT>Number format</DESCRIPT>
    </SEOCOMPOTX>
    <SEOCOMPOTX>
     <CMPNAME>C_FORMAT_DATE_TIME6</CMPNAME>
     <LANGU>I</LANGU>
     <DESCRIPT>Number format</DESCRIPT>
    </SEOCOMPOTX>
    <SEOCOMPOTX>
     <CMPNAME>C_FORMAT_DATE_TIME7</CMPNAME>
     <LANGU>E</LANGU>
     <DESCRIPT>Number format</DESCRIPT>
    </SEOCOMPOTX>
    <SEOCOMPOTX>
     <CMPNAME>C_FORMAT_DATE_TIME7</CMPNAME>
     <LANGU>I</LANGU>
     <DESCRIPT>Number format</DESCRIPT>
    </SEOCOMPOTX>
    <SEOCOMPOTX>
     <CMPNAME>C_FORMAT_DATE_TIME8</CMPNAME>
     <LANGU>E</LANGU>
     <DESCRIPT>Number format</DESCRIPT>
    </SEOCOMPOTX>
    <SEOCOMPOTX>
     <CMPNAME>C_FORMAT_DATE_TIME8</CMPNAME>
     <LANGU>I</LANGU>
     <DESCRIPT>Number format</DESCRIPT>
    </SEOCOMPOTX>
    <SEOCOMPOTX>
     <CMPNAME>C_FORMAT_DATE_XLSX14</CMPNAME>
     <LANGU>E</LANGU>
     <DESCRIPT>Number format</DESCRIPT>
    </SEOCOMPOTX>
    <SEOCOMPOTX>
     <CMPNAME>C_FORMAT_DATE_XLSX14</CMPNAME>
     <LANGU>I</LANGU>
     <DESCRIPT>Number format</DESCRIPT>
    </SEOCOMPOTX>
    <SEOCOMPOTX>
     <CMPNAME>C_FORMAT_DATE_XLSX15</CMPNAME>
     <LANGU>E</LANGU>
     <DESCRIPT>Number format</DESCRIPT>
    </SEOCOMPOTX>
    <SEOCOMPOTX>
     <CMPNAME>C_FORMAT_DATE_XLSX15</CMPNAME>
     <LANGU>I</LANGU>
     <DESCRIPT>Number format</DESCRIPT>
    </SEOCOMPOTX>
    <SEOCOMPOTX>
     <CMPNAME>C_FORMAT_DATE_XLSX16</CMPNAME>
     <LANGU>E</LANGU>
     <DESCRIPT>Number format</DESCRIPT>
    </SEOCOMPOTX>
    <SEOCOMPOTX>
     <CMPNAME>C_FORMAT_DATE_XLSX16</CMPNAME>
     <LANGU>I</LANGU>
     <DESCRIPT>Number format</DESCRIPT>
    </SEOCOMPOTX>
    <SEOCOMPOTX>
     <CMPNAME>C_FORMAT_DATE_XLSX17</CMPNAME>
     <LANGU>E</LANGU>
     <DESCRIPT>Number format</DESCRIPT>
    </SEOCOMPOTX>
    <SEOCOMPOTX>
     <CMPNAME>C_FORMAT_DATE_XLSX17</CMPNAME>
     <LANGU>I</LANGU>
     <DESCRIPT>Number format</DESCRIPT>
    </SEOCOMPOTX>
    <SEOCOMPOTX>
     <CMPNAME>C_FORMAT_DATE_XLSX22</CMPNAME>
     <LANGU>E</LANGU>
     <DESCRIPT>Number format</DESCRIPT>
    </SEOCOMPOTX>
    <SEOCOMPOTX>
     <CMPNAME>C_FORMAT_DATE_XLSX22</CMPNAME>
     <LANGU>I</LANGU>
     <DESCRIPT>Number format</DESCRIPT>
    </SEOCOMPOTX>
    <SEOCOMPOTX>
     <CMPNAME>C_FORMAT_DATE_XLSX45</CMPNAME>
     <LANGU>E</LANGU>
     <DESCRIPT>Number format</DESCRIPT>
    </SEOCOMPOTX>
    <SEOCOMPOTX>
     <CMPNAME>C_FORMAT_DATE_XLSX46</CMPNAME>
     <LANGU>E</LANGU>
     <DESCRIPT>Number format</DESCRIPT>
    </SEOCOMPOTX>
    <SEOCOMPOTX>
     <CMPNAME>C_FORMAT_DATE_XLSX47</CMPNAME>
     <LANGU>E</LANGU>
     <DESCRIPT>Number format</DESCRIPT>
    </SEOCOMPOTX>
    <SEOCOMPOTX>
     <CMPNAME>C_FORMAT_DATE_YYMMDD</CMPNAME>
     <LANGU>E</LANGU>
     <DESCRIPT>Number format</DESCRIPT>
    </SEOCOMPOTX>
    <SEOCOMPOTX>
     <CMPNAME>C_FORMAT_DATE_YYMMDD</CMPNAME>
     <LANGU>I</LANGU>
     <DESCRIPT>Number format</DESCRIPT>
    </SEOCOMPOTX>
    <SEOCOMPOTX>
     <CMPNAME>C_FORMAT_DATE_YYMMDDMINUS</CMPNAME>
     <LANGU>E</LANGU>
     <DESCRIPT>Number format</DESCRIPT>
    </SEOCOMPOTX>
    <SEOCOMPOTX>
     <CMPNAME>C_FORMAT_DATE_YYMMDDMINUS</CMPNAME>
     <LANGU>I</LANGU>
     <DESCRIPT>Number format</DESCRIPT>
    </SEOCOMPOTX>
    <SEOCOMPOTX>
     <CMPNAME>C_FORMAT_DATE_YYMMDDSLASH</CMPNAME>
     <LANGU>E</LANGU>
     <DESCRIPT>Number format</DESCRIPT>
    </SEOCOMPOTX>
    <SEOCOMPOTX>
     <CMPNAME>C_FORMAT_DATE_YYMMDDSLASH</CMPNAME>
     <LANGU>I</LANGU>
     <DESCRIPT>Number format</DESCRIPT>
    </SEOCOMPOTX>
    <SEOCOMPOTX>
     <CMPNAME>C_FORMAT_DATE_YYYYMMDD</CMPNAME>
     <LANGU>E</LANGU>
     <DESCRIPT>Number format</DESCRIPT>
    </SEOCOMPOTX>
    <SEOCOMPOTX>
     <CMPNAME>C_FORMAT_DATE_YYYYMMDD</CMPNAME>
     <LANGU>I</LANGU>
     <DESCRIPT>Number format</DESCRIPT>
    </SEOCOMPOTX>
    <SEOCOMPOTX>
     <CMPNAME>C_FORMAT_DATE_YYYYMMDDMINUS</CMPNAME>
     <LANGU>E</LANGU>
     <DESCRIPT>Number format</DESCRIPT>
    </SEOCOMPOTX>
    <SEOCOMPOTX>
     <CMPNAME>C_FORMAT_DATE_YYYYMMDDMINUS</CMPNAME>
     <LANGU>I</LANGU>
     <DESCRIPT>Number format</DESCRIPT>
    </SEOCOMPOTX>
    <SEOCOMPOTX>
     <CMPNAME>C_FORMAT_DATE_YYYYMMDDSLASH</CMPNAME>
     <LANGU>E</LANGU>
     <DESCRIPT>Number format</DESCRIPT>
    </SEOCOMPOTX>
    <SEOCOMPOTX>
     <CMPNAME>C_FORMAT_DATE_YYYYMMDDSLASH</CMPNAME>
     <LANGU>I</LANGU>
     <DESCRIPT>Number format</DESCRIPT>
    </SEOCOMPOTX>
    <SEOCOMPOTX>
     <CMPNAME>C_FORMAT_FRACTION_1</CMPNAME>
     <LANGU>E</LANGU>
     <DESCRIPT>Number format</DESCRIPT>
    </SEOCOMPOTX>
    <SEOCOMPOTX>
     <CMPNAME>C_FORMAT_FRACTION_2</CMPNAME>
     <LANGU>E</LANGU>
     <DESCRIPT>Number format</DESCRIPT>
    </SEOCOMPOTX>
    <SEOCOMPOTX>
     <CMPNAME>C_FORMAT_GENERAL</CMPNAME>
     <LANGU>E</LANGU>
     <DESCRIPT>Number format</DESCRIPT>
    </SEOCOMPOTX>
    <SEOCOMPOTX>
     <CMPNAME>C_FORMAT_GENERAL</CMPNAME>
     <LANGU>I</LANGU>
     <DESCRIPT>Number format</DESCRIPT>
    </SEOCOMPOTX>
    <SEOCOMPOTX>
     <CMPNAME>C_FORMAT_NUMBER</CMPNAME>
     <LANGU>E</LANGU>
     <DESCRIPT>Number format</DESCRIPT>
    </SEOCOMPOTX>
    <SEOCOMPOTX>
     <CMPNAME>C_FORMAT_NUMBER</CMPNAME>
     <LANGU>I</LANGU>
     <DESCRIPT>Number format</DESCRIPT>
    </SEOCOMPOTX>
    <SEOCOMPOTX>
     <CMPNAME>C_FORMAT_NUMBER_00</CMPNAME>
     <LANGU>E</LANGU>
     <DESCRIPT>Number format</DESCRIPT>
    </SEOCOMPOTX>
    <SEOCOMPOTX>
     <CMPNAME>C_FORMAT_NUMBER_00</CMPNAME>
     <LANGU>I</LANGU>
     <DESCRIPT>Number format</DESCRIPT>
    </SEOCOMPOTX>
    <SEOCOMPOTX>
     <CMPNAME>C_FORMAT_NUMBER_COMMA_SEP0</CMPNAME>
     <LANGU>E</LANGU>
     <DESCRIPT>Number format</DESCRIPT>
    </SEOCOMPOTX>
    <SEOCOMPOTX>
     <CMPNAME>C_FORMAT_NUMBER_COMMA_SEP1</CMPNAME>
     <LANGU>E</LANGU>
     <DESCRIPT>Number format</DESCRIPT>
    </SEOCOMPOTX>
    <SEOCOMPOTX>
     <CMPNAME>C_FORMAT_NUMBER_COMMA_SEP1</CMPNAME>
     <LANGU>I</LANGU>
     <DESCRIPT>Number format</DESCRIPT>
    </SEOCOMPOTX>
    <SEOCOMPOTX>
     <CMPNAME>C_FORMAT_NUMBER_COMMA_SEP2</CMPNAME>
     <LANGU>E</LANGU>
     <DESCRIPT>Number format</DESCRIPT>
    </SEOCOMPOTX>
    <SEOCOMPOTX>
     <CMPNAME>C_FORMAT_NUMBER_COMMA_SEP2</CMPNAME>
     <LANGU>I</LANGU>
     <DESCRIPT>Number format</DESCRIPT>
    </SEOCOMPOTX>
    <SEOCOMPOTX>
     <CMPNAME>C_FORMAT_NUMC_STD</CMPNAME>
     <LANGU>E</LANGU>
     <DESCRIPT>Number format</DESCRIPT>
    </SEOCOMPOTX>
    <SEOCOMPOTX>
     <CMPNAME>C_FORMAT_NUMC_STD</CMPNAME>
     <LANGU>I</LANGU>
     <DESCRIPT>Number format</DESCRIPT>
    </SEOCOMPOTX>
    <SEOCOMPOTX>
     <CMPNAME>C_FORMAT_PERCENTAGE</CMPNAME>
     <LANGU>E</LANGU>
     <DESCRIPT>Number format</DESCRIPT>
    </SEOCOMPOTX>
    <SEOCOMPOTX>
     <CMPNAME>C_FORMAT_PERCENTAGE</CMPNAME>
     <LANGU>I</LANGU>
     <DESCRIPT>Number format</DESCRIPT>
    </SEOCOMPOTX>
    <SEOCOMPOTX>
     <CMPNAME>C_FORMAT_PERCENTAGE_00</CMPNAME>
     <LANGU>E</LANGU>
     <DESCRIPT>Number format</DESCRIPT>
    </SEOCOMPOTX>
    <SEOCOMPOTX>
     <CMPNAME>C_FORMAT_PERCENTAGE_00</CMPNAME>
     <LANGU>I</LANGU>
     <DESCRIPT>Number format</DESCRIPT>
    </SEOCOMPOTX>
    <SEOCOMPOTX>
     <CMPNAME>C_FORMAT_SCIENTIFIC</CMPNAME>
     <LANGU>E</LANGU>
     <DESCRIPT>Number format</DESCRIPT>
    </SEOCOMPOTX>
    <SEOCOMPOTX>
     <CMPNAME>C_FORMAT_SPECIAL_01</CMPNAME>
     <LANGU>E</LANGU>
     <DESCRIPT>Number format</DESCRIPT>
    </SEOCOMPOTX>
    <SEOCOMPOTX>
     <CMPNAME>C_FORMAT_TEXT</CMPNAME>
     <LANGU>E</LANGU>
     <DESCRIPT>Number format</DESCRIPT>
    </SEOCOMPOTX>
    <SEOCOMPOTX>
     <CMPNAME>C_FORMAT_TEXT</CMPNAME>
     <LANGU>I</LANGU>
     <DESCRIPT>Number format</DESCRIPT>
    </SEOCOMPOTX>
    <SEOCOMPOTX>
     <CMPNAME>C_FORMAT_XLSX37</CMPNAME>
     <LANGU>E</LANGU>
     <DESCRIPT>Number format</DESCRIPT>
    </SEOCOMPOTX>
    <SEOCOMPOTX>
     <CMPNAME>C_FORMAT_XLSX38</CMPNAME>
     <LANGU>E</LANGU>
     <DESCRIPT>Number format</DESCRIPT>
    </SEOCOMPOTX>
    <SEOCOMPOTX>
     <CMPNAME>C_FORMAT_XLSX39</CMPNAME>
     <LANGU>E</LANGU>
     <DESCRIPT>Number format</DESCRIPT>
    </SEOCOMPOTX>
    <SEOCOMPOTX>
     <CMPNAME>C_FORMAT_XLSX40</CMPNAME>
     <LANGU>E</LANGU>
     <DESCRIPT>Number format</DESCRIPT>
    </SEOCOMPOTX>
    <SEOCOMPOTX>
     <CMPNAME>C_FORMAT_XLSX41</CMPNAME>
     <LANGU>E</LANGU>
     <DESCRIPT>Number format</DESCRIPT>
    </SEOCOMPOTX>
    <SEOCOMPOTX>
     <CMPNAME>C_FORMAT_XLSX42</CMPNAME>
     <LANGU>E</LANGU>
     <DESCRIPT>Number format</DESCRIPT>
    </SEOCOMPOTX>
    <SEOCOMPOTX>
     <CMPNAME>C_FORMAT_XLSX43</CMPNAME>
     <LANGU>E</LANGU>
     <DESCRIPT>Number format</DESCRIPT>
    </SEOCOMPOTX>
    <SEOCOMPOTX>
     <CMPNAME>C_FORMAT_XLSX44</CMPNAME>
     <LANGU>E</LANGU>
     <DESCRIPT>Number format</DESCRIPT>
    </SEOCOMPOTX>
    <SEOCOMPOTX>
     <CMPNAME>FORMAT_CODE</CMPNAME>
     <LANGU>E</LANGU>
     <DESCRIPT>Number format</DESCRIPT>
    </SEOCOMPOTX>
    <SEOCOMPOTX>
     <CMPNAME>FORMAT_CODE</CMPNAME>
     <LANGU>I</LANGU>
     <DESCRIPT>Number format</DESCRIPT>
    </SEOCOMPOTX>
    <SEOCOMPOTX>
     <CMPNAME>MT_BUILT_IN_NUM_FORMATS</CMPNAME>
     <LANGU>E</LANGU>
     <DESCRIPT>Built-in internal number formats</DESCRIPT>
    </SEOCOMPOTX>
    <SEOCOMPOTX>
     <CMPNAME>T_NUM_FORMATS</CMPNAME>
     <LANGU>E</LANGU>
     <DESCRIPT>Number formats + index</DESCRIPT>
    </SEOCOMPOTX>
   </DESCRIPTIONS>
  </asx:values>
 </asx:abap>
</abapGit>
