﻿<?xml version="1.0" encoding="utf-8"?>
<abapGit version="v1.0.0" serializer="LCL_OBJECT_DTEL" serializer_version="v1.0.0">
 <asx:abap xmlns:asx="http://www.sap.com/abapxml" version="1.0">
  <asx:values>
   <DD04V>
    <ROLLNAME>ZEXCEL_ACTIVE_WORKSHEET</ROLLNAME>
    <DDLANGUAGE>E</DDLANGUAGE>
    <HEADLEN>16</HEADLEN>
    <SCRLEN1>06</SCRLEN1>
    <SCRLEN2>16</SCRLEN2>
    <SCRLEN3>16</SCRLEN3>
    <DDTEXT>Active Worksheet</DDTEXT>
    <REPTEXT>Active Worksheet</REPTEXT>
    <SCRTEXT_S>Active</SCRTEXT_S>
    <SCRTEXT_M>Active Worksheet</SCRTEXT_M>
    <SCRTEXT_L>Active Worksheet</SCRTEXT_L>
    <DTELMASTER>E</DTELMASTER>
    <DATATYPE>INT4</DATATYPE>
    <LENG>000010</LENG>
    <OUTPUTLEN>000011</OUTPUTLEN>
   </DD04V>
  </asx:values>
 </asx:abap>
</abapGit>
