﻿<?xml version="1.0" encoding="utf-8"?>
<abapGit version="v1.0.0" serializer="LCL_OBJECT_TABL" serializer_version="v1.0.0">
 <asx:abap xmlns:asx="http://www.sap.com/abapxml" version="1.0">
  <asx:values>
   <DD02V>
    <TABNAME>ZEXCEL_S_FIELDCATALOG</TABNAME>
    <DDLANGUAGE>E</DDLANGUAGE>
    <TABCLASS>INTTAB</TABCLASS>
    <DDTEXT>Fieldcatalog for Table Binding</DDTEXT>
    <MASTERLANG>E</MASTERLANG>
    <EXCLASS>1</EXCLASS>
   </DD02V>
   <DD03P_TABLE>
    <DD03P>
     <FIELDNAME>TABNAME</FIELDNAME>
     <ROLLNAME>TABNAME</ROLLNAME>
     <ADMINFIELD>0</ADMINFIELD>
     <COMPTYPE>E</COMPTYPE>
    </DD03P>
    <DD03P>
     <FIELDNAME>FIELDNAME</FIELDNAME>
     <ROLLNAME>ZEXCEL_FIELDNAME</ROLLNAME>
     <ADMINFIELD>0</ADMINFIELD>
     <COMPTYPE>E</COMPTYPE>
    </DD03P>
    <DD03P>
     <FIELDNAME>POSITION</FIELDNAME>
     <ROLLNAME>ZEXCEL_COMPONENT_POSITION</ROLLNAME>
     <ADMINFIELD>0</ADMINFIELD>
     <COMPTYPE>E</COMPTYPE>
    </DD03P>
    <DD03P>
     <FIELDNAME>SCRTEXT_S</FIELDNAME>
     <ROLLNAME>ZEXCEL_DISP_TEXT_SHORT</ROLLNAME>
     <ADMINFIELD>0</ADMINFIELD>
     <COMPTYPE>E</COMPTYPE>
    </DD03P>
    <DD03P>
     <FIELDNAME>SCRTEXT_M</FIELDNAME>
     <ROLLNAME>ZEXCEL_DISP_TEXT_MEDIUM</ROLLNAME>
     <ADMINFIELD>0</ADMINFIELD>
     <COMPTYPE>E</COMPTYPE>
    </DD03P>
    <DD03P>
     <FIELDNAME>SCRTEXT_L</FIELDNAME>
     <ROLLNAME>ZEXCEL_DISP_TEXT_LONG</ROLLNAME>
     <ADMINFIELD>0</ADMINFIELD>
     <COMPTYPE>E</COMPTYPE>
    </DD03P>
    <DD03P>
     <FIELDNAME>DYNPFLD</FIELDNAME>
     <ROLLNAME>ZEXCEL_SCREEN_DISPLAY</ROLLNAME>
     <ADMINFIELD>0</ADMINFIELD>
     <VALEXI>X</VALEXI>
     <SHLPORIGIN>F</SHLPORIGIN>
     <COMPTYPE>E</COMPTYPE>
    </DD03P>
    <DD03P>
     <FIELDNAME>STYLE</FIELDNAME>
     <ROLLNAME>ZEXCEL_CELL_STYLE</ROLLNAME>
     <ADMINFIELD>0</ADMINFIELD>
     <COMPTYPE>E</COMPTYPE>
    </DD03P>
    <DD03P>
     <FIELDNAME>STYLE_HEADER</FIELDNAME>
     <ROLLNAME>ZEXCEL_CELL_STYLE</ROLLNAME>
     <ADMINFIELD>0</ADMINFIELD>
     <COMPTYPE>E</COMPTYPE>
    </DD03P>
    <DD03P>
     <FIELDNAME>STYLE_TOTAL</FIELDNAME>
     <ROLLNAME>ZEXCEL_CELL_STYLE</ROLLNAME>
     <ADMINFIELD>0</ADMINFIELD>
     <COMPTYPE>E</COMPTYPE>
    </DD03P>
    <DD03P>
     <FIELDNAME>STYLE_COND</FIELDNAME>
     <ROLLNAME>ZEXCEL_CELL_STYLE</ROLLNAME>
     <ADMINFIELD>0</ADMINFIELD>
     <COMPTYPE>E</COMPTYPE>
    </DD03P>
    <DD03P>
     <FIELDNAME>TOTALS_FUNCTION</FIELDNAME>
     <ROLLNAME>ZEXCEL_TABLE_TOTALS_FUNCTION</ROLLNAME>
     <ADMINFIELD>0</ADMINFIELD>
     <COMPTYPE>E</COMPTYPE>
    </DD03P>
    <DD03P>
     <FIELDNAME>FORMULA</FIELDNAME>
     <ROLLNAME>FLAG</ROLLNAME>
     <ADMINFIELD>0</ADMINFIELD>
     <VALEXI>X</VALEXI>
     <SHLPORIGIN>F</SHLPORIGIN>
     <COMPTYPE>E</COMPTYPE>
    </DD03P>
    <DD03P>
     <FIELDNAME>ABAP_TYPE</FIELDNAME>
     <ADMINFIELD>0</ADMINFIELD>
     <INTTYPE>C</INTTYPE>
     <INTLEN>000002</INTLEN>
     <DATATYPE>CHAR</DATATYPE>
     <LENG>000001</LENG>
     <MASK>  CHAR</MASK>
    </DD03P>
    <DD03P>
     <FIELDNAME>COLUMN_FORMULA</FIELDNAME>
     <ADMINFIELD>0</ADMINFIELD>
     <INTTYPE>g</INTTYPE>
     <INTLEN>000008</INTLEN>
     <DATATYPE>STRG</DATATYPE>
     <MASK>  STRG</MASK>
     <DDTEXT>Column Formula</DDTEXT>
    </DD03P>
    <DD03P>
     <FIELDNAME>COLUMN_NAME</FIELDNAME>
     <ROLLNAME>ZEXCEL_COLUMN_NAME</ROLLNAME>
     <ADMINFIELD>0</ADMINFIELD>
     <COMPTYPE>E</COMPTYPE>
    </DD03P>
    <DD03P>
     <FIELDNAME>CURRENCY_COLUMN</FIELDNAME>
     <ROLLNAME>ZEXCEL_FIELDNAME</ROLLNAME>
     <ADMINFIELD>0</ADMINFIELD>
     <COMPTYPE>E</COMPTYPE>
    </DD03P>
    <DD03P>
     <FIELDNAME>WIDTH</FIELDNAME>
     <ROLLNAME>INT4</ROLLNAME>
     <ADMINFIELD>0</ADMINFIELD>
     <COMPTYPE>E</COMPTYPE>
    </DD03P>
   </DD03P_TABLE>
   <I18N_LANGS>
    <LANGU>1</LANGU>
    <LANGU>4</LANGU>
    <LANGU>5</LANGU>
    <LANGU>6</LANGU>
    <LANGU>8</LANGU>
    <LANGU>B</LANGU>
    <LANGU>C</LANGU>
    <LANGU>F</LANGU>
    <LANGU>G</LANGU>
    <LANGU>H</LANGU>
    <LANGU>K</LANGU>
    <LANGU>L</LANGU>
    <LANGU>N</LANGU>
    <LANGU>O</LANGU>
    <LANGU>Q</LANGU>
    <LANGU>R</LANGU>
    <LANGU>S</LANGU>
    <LANGU>T</LANGU>
    <LANGU>U</LANGU>
    <LANGU>V</LANGU>
    <LANGU>W</LANGU>
    <LANGU>c</LANGU>
    <LANGU>d</LANGU>
   </I18N_LANGS>
   <DD02_TEXTS>
    <item>
     <DDLANGUAGE>1</DDLANGUAGE>
     <DDTEXT>Fieldcatalog for Table Binding</DDTEXT>
    </item>
    <item>
     <DDLANGUAGE>4</DDLANGUAGE>
     <DDTEXT>Fieldcatalog for Table Binding</DDTEXT>
    </item>
    <item>
     <DDLANGUAGE>5</DDLANGUAGE>
     <DDTEXT>Fieldcatalog for Table Binding</DDTEXT>
    </item>
    <item>
     <DDLANGUAGE>6</DDLANGUAGE>
     <DDTEXT>Fieldcatalog for Table Binding</DDTEXT>
    </item>
    <item>
     <DDLANGUAGE>8</DDLANGUAGE>
     <DDTEXT>Fieldcatalog for Table Binding</DDTEXT>
    </item>
    <item>
     <DDLANGUAGE>B</DDLANGUAGE>
     <DDTEXT>Fieldcatalog for Table Binding</DDTEXT>
    </item>
    <item>
     <DDLANGUAGE>C</DDLANGUAGE>
     <DDTEXT>Fieldcatalog for Table Binding</DDTEXT>
    </item>
    <item>
     <DDLANGUAGE>F</DDLANGUAGE>
     <DDTEXT>Fieldcatalog for Table Binding</DDTEXT>
    </item>
    <item>
     <DDLANGUAGE>G</DDLANGUAGE>
     <DDTEXT>Fieldcatalog for Table Binding</DDTEXT>
    </item>
    <item>
     <DDLANGUAGE>H</DDLANGUAGE>
     <DDTEXT>Fieldcatalog for Table Binding</DDTEXT>
    </item>
    <item>
     <DDLANGUAGE>K</DDLANGUAGE>
     <DDTEXT>Fieldcatalog for Table Binding</DDTEXT>
    </item>
    <item>
     <DDLANGUAGE>L</DDLANGUAGE>
     <DDTEXT>Fieldcatalog for Table Binding</DDTEXT>
    </item>
    <item>
     <DDLANGUAGE>N</DDLANGUAGE>
     <DDTEXT>Fieldcatalog for Table Binding</DDTEXT>
    </item>
    <item>
     <DDLANGUAGE>O</DDLANGUAGE>
     <DDTEXT>Fieldcatalog for Table Binding</DDTEXT>
    </item>
    <item>
     <DDLANGUAGE>Q</DDLANGUAGE>
     <DDTEXT>Fieldcatalog for Table Binding</DDTEXT>
    </item>
    <item>
     <DDLANGUAGE>R</DDLANGUAGE>
     <DDTEXT>Fieldcatalog for Table Binding</DDTEXT>
    </item>
    <item>
     <DDLANGUAGE>S</DDLANGUAGE>
     <DDTEXT>Fieldcatalog for Table Binding</DDTEXT>
    </item>
    <item>
     <DDLANGUAGE>T</DDLANGUAGE>
     <DDTEXT>Fieldcatalog for Table Binding</DDTEXT>
    </item>
    <item>
     <DDLANGUAGE>U</DDLANGUAGE>
     <DDTEXT>Fieldcatalog for Table Binding</DDTEXT>
    </item>
    <item>
     <DDLANGUAGE>V</DDLANGUAGE>
     <DDTEXT>Fieldcatalog for Table Binding</DDTEXT>
    </item>
    <item>
     <DDLANGUAGE>W</DDLANGUAGE>
     <DDTEXT>Fieldcatalog for Table Binding</DDTEXT>
    </item>
    <item>
     <DDLANGUAGE>c</DDLANGUAGE>
     <DDTEXT>Fieldcatalog for Table Binding</DDTEXT>
    </item>
    <item>
     <DDLANGUAGE>d</DDLANGUAGE>
     <DDTEXT>Fieldcatalog for Table Binding</DDTEXT>
    </item>
   </DD02_TEXTS>
  </asx:values>
 </asx:abap>
</abapGit>
