﻿<?xml version="1.0" encoding="utf-8"?>
<abapGit version="v1.0.0" serializer="LCL_OBJECT_INTF" serializer_version="v1.0.0">
 <asx:abap xmlns:asx="http://www.sap.com/abapxml" version="1.0">
  <asx:values>
   <VSEOINTERF>
    <CLSNAME>ZIF_EXCEL_BOOK_PROPERTIES</CLSNAME>
    <LANGU>E</LANGU>
    <DESCRIPT>Excel Properties</DESCRIPT>
    <EXPOSURE>2</EXPOSURE>
    <STATE>1</STATE>
    <UNICODE>X</UNICODE>
   </VSEOINTERF>
   <DESCRIPTIONS>
    <SEOCOMPOTX>
     <CMPNAME>APPLICATION</CMPNAME>
     <LANGU>E</LANGU>
     <DESCRIPT>Application</DESCRIPT>
    </SEOCOMPOTX>
    <SEOCOMPOTX>
     <CMPNAME>APPVERSION</CMPNAME>
     <LANGU>E</LANGU>
     <DESCRIPT>Application version</DESCRIPT>
    </SEOCOMPOTX>
    <SEOCOMPOTX>
     <CMPNAME>CATEGORY</CMPNAME>
     <LANGU>E</LANGU>
     <DESCRIPT>Category</DESCRIPT>
    </SEOCOMPOTX>
    <SEOCOMPOTX>
     <CMPNAME>COMPANY</CMPNAME>
     <LANGU>E</LANGU>
     <DESCRIPT>Company</DESCRIPT>
    </SEOCOMPOTX>
    <SEOCOMPOTX>
     <CMPNAME>CREATED</CMPNAME>
     <LANGU>E</LANGU>
     <DESCRIPT>Created on</DESCRIPT>
    </SEOCOMPOTX>
    <SEOCOMPOTX>
     <CMPNAME>CREATOR</CMPNAME>
     <LANGU>E</LANGU>
     <DESCRIPT>Creator</DESCRIPT>
    </SEOCOMPOTX>
    <SEOCOMPOTX>
     <CMPNAME>DESCRIPTION</CMPNAME>
     <LANGU>E</LANGU>
     <DESCRIPT>Description</DESCRIPT>
    </SEOCOMPOTX>
    <SEOCOMPOTX>
     <CMPNAME>DOCSECURITY</CMPNAME>
     <LANGU>E</LANGU>
     <DESCRIPT>DocSecurity</DESCRIPT>
    </SEOCOMPOTX>
    <SEOCOMPOTX>
     <CMPNAME>HYPERLINKSCHANGED</CMPNAME>
     <LANGU>E</LANGU>
     <DESCRIPT>Hyperlinks changed</DESCRIPT>
    </SEOCOMPOTX>
    <SEOCOMPOTX>
     <CMPNAME>INITIALIZE</CMPNAME>
     <LANGU>E</LANGU>
     <DESCRIPT>Inizialize book properties</DESCRIPT>
    </SEOCOMPOTX>
    <SEOCOMPOTX>
     <CMPNAME>KEYWORDS</CMPNAME>
     <LANGU>E</LANGU>
     <DESCRIPT>Keywords</DESCRIPT>
    </SEOCOMPOTX>
    <SEOCOMPOTX>
     <CMPNAME>LASTMODIFIEDBY</CMPNAME>
     <LANGU>E</LANGU>
     <DESCRIPT>Modified by</DESCRIPT>
    </SEOCOMPOTX>
    <SEOCOMPOTX>
     <CMPNAME>LINKSUPTODATE</CMPNAME>
     <LANGU>E</LANGU>
     <DESCRIPT>Links up to date</DESCRIPT>
    </SEOCOMPOTX>
    <SEOCOMPOTX>
     <CMPNAME>MODIFIED</CMPNAME>
     <LANGU>E</LANGU>
     <DESCRIPT>Modified on</DESCRIPT>
    </SEOCOMPOTX>
    <SEOCOMPOTX>
     <CMPNAME>SCALECROP</CMPNAME>
     <LANGU>E</LANGU>
     <DESCRIPT>ScaleCrop</DESCRIPT>
    </SEOCOMPOTX>
    <SEOCOMPOTX>
     <CMPNAME>SHAREDDOC</CMPNAME>
     <LANGU>E</LANGU>
     <DESCRIPT>Shared document</DESCRIPT>
    </SEOCOMPOTX>
    <SEOCOMPOTX>
     <CMPNAME>SUBJECT</CMPNAME>
     <LANGU>E</LANGU>
     <DESCRIPT>Subject</DESCRIPT>
    </SEOCOMPOTX>
    <SEOCOMPOTX>
     <CMPNAME>TITLE</CMPNAME>
     <LANGU>E</LANGU>
     <DESCRIPT>Title</DESCRIPT>
    </SEOCOMPOTX>
   </DESCRIPTIONS>
  </asx:values>
 </asx:abap>
</abapGit>
